<?xml version="1.0" encoding="UTF-8"?>

<axisconfig name="AxisJava2.0">

	<module ref="addressing" />
	<module ref="rampart" />

	<parameter name="OutflowSecurity">
		<action>
			<items>UsernameToken</items>
			
			<!-- Do not modify these values as they are replaced by the 'ant configure' command. -->
			<user>8ddf2d25-926c-4de0-8e50-a5f69e6d5951 </user>
			
			<passwordCallbackClass>net.docusign.wsclient.Authenticator</passwordCallbackClass>
			<passwordType>PasswordText</passwordType>
		</action>
	</parameter>

	<!-- ================================================= -->
	<!-- Message Receivers -->
	<!-- ================================================= -->
	<!--This is the Default Message Receiver for the system , if you want to have MessageReceivers for -->
	<!--all the other MEP implement it and add the correct entry to here , so that you can refer from-->
	<!--any operation -->
	<!--Note : You can override this for particular service by adding the same element with your requirement-->
	<messageReceivers>
		<messageReceiver mep="http://www.w3.org/2004/08/wsdl/in-only"
			class="org.apache.axis2.receivers.RawXMLINOnlyMessageReceiver" />
		<messageReceiver mep="http://www.w3.org/2004/08/wsdl/in-out"
			class="org.apache.axis2.receivers.RawXMLINOutMessageReceiver" />
	</messageReceivers>

	<!-- ================================================= -->
	<!-- Transport Outs -->
	<!-- ================================================= -->

	<transportSender name="http"
		class="org.apache.axis2.transport.http.CommonsHTTPTransportSender">
		<parameter name="PROTOCOL" locked="false">HTTP/1.1</parameter>
		<parameter name="Transfer-Encoding" locked="false">
			chunked
		</parameter>
	</transportSender>
	<transportSender name="https"
		class="org.apache.axis2.transport.http.CommonsHTTPTransportSender">
		<parameter name="PROTOCOL" locked="false">HTTP/1.1</parameter>
		<parameter name="Transfer-Encoding" locked="false">
			chunked
		</parameter>
	</transportSender>

	<phaseOrder type="InFlow">
		<!--  System predefined phases       -->
		<phase name="Transport">
			<handler name="RequestURIBasedDispatcher"
				class="org.apache.axis2.dispatchers.RequestURIBasedDispatcher">
				<order phase="Transport" />
			</handler>
			<handler name="SOAPActionBasedDispatcher"
				class="org.apache.axis2.dispatchers.SOAPActionBasedDispatcher">
				<order phase="Transport" />
			</handler>
		</phase>
		<phase name="Addressing">
			<handler name="AddressingBasedDispatcher"
				class="org.apache.axis2.dispatchers.AddressingBasedDispatcher">
				<order phase="Addressing" />
			</handler>
		</phase>
		<phase name="Security" />
		<phase name="PreDispatch" />
		<phase name="Dispatch"
			class="org.apache.axis2.engine.DispatchPhase">
			<handler name="RequestURIBasedDispatcher"
				class="org.apache.axis2.dispatchers.RequestURIBasedDispatcher" />
			<handler name="SOAPActionBasedDispatcher"
				class="org.apache.axis2.dispatchers.SOAPActionBasedDispatcher" />
			<handler name="RequestURIOperationDispatcher"
				class="org.apache.axis2.dispatchers.RequestURIOperationDispatcher" />
			<handler name="SOAPMessageBodyBasedDispatcher"
				class="org.apache.axis2.dispatchers.SOAPMessageBodyBasedDispatcher" />
			<handler name="HTTPLocationBasedDispatcher"
				class="org.apache.axis2.dispatchers.HTTPLocationBasedDispatcher" />
			<handler name="GenericProviderDispatcher"
				class="org.apache.axis2.jaxws.dispatchers.GenericProviderDispatcher" />
			<handler name="MustUnderstandValidationDispatcher"
				class="org.apache.axis2.jaxws.dispatchers.MustUnderstandValidationDispatcher" />
		</phase>
		<phase name="RMPhase" />
		<!--  System predefined phases       -->
		<!--   After Postdispatch phase module author or service author can add any phase he want      -->
		<phase name="OperationInPhase">
			<handler name="MustUnderstandChecker"
				class="org.apache.axis2.jaxws.dispatchers.MustUnderstandChecker">
				<order phase="OperationInPhase" />
			</handler>
		</phase>
		<phase name="soapmonitorPhase" />
	</phaseOrder>
	<phaseOrder type="OutFlow">
		<!--      user can add his own phases to this area  -->
		<phase name="soapmonitorPhase" />
		<phase name="OperationOutPhase" />
		<!--system predefined phase-->
		<!--these phase will run irrespective of the service-->
		<phase name="RMPhase" />
		<phase name="PolicyDetermination" />
		<phase name="MessageOut" />
		<phase name="Security" />
	</phaseOrder>
	<phaseOrder type="InFaultFlow">
		<phase name="Addressing">
			<handler name="AddressingBasedDispatcher"
				class="org.apache.axis2.dispatchers.AddressingBasedDispatcher">
				<order phase="Addressing" />
			</handler>
		</phase>
		<phase name="Security" />
		<phase name="PreDispatch" />
		<phase name="Dispatch"
			class="org.apache.axis2.engine.DispatchPhase">
			<handler name="RequestURIBasedDispatcher"
				class="org.apache.axis2.dispatchers.RequestURIBasedDispatcher" />
			<handler name="SOAPActionBasedDispatcher"
				class="org.apache.axis2.dispatchers.SOAPActionBasedDispatcher" />
			<handler name="RequestURIOperationDispatcher"
				class="org.apache.axis2.dispatchers.RequestURIOperationDispatcher" />
			<handler name="SOAPMessageBodyBasedDispatcher"
				class="org.apache.axis2.dispatchers.SOAPMessageBodyBasedDispatcher" />
			<handler name="HTTPLocationBasedDispatcher"
				class="org.apache.axis2.dispatchers.HTTPLocationBasedDispatcher" />
			<handler name="GenericProviderDispatcher"
				class="org.apache.axis2.jaxws.dispatchers.GenericProviderDispatcher" />
			<handler name="MustUnderstandValidationDispatcher"
				class="org.apache.axis2.jaxws.dispatchers.MustUnderstandValidationDispatcher" />
		</phase>
		<phase name="RMPhase" />
		<!--      user can add his own phases to this area  -->
		<phase name="OperationInFaultPhase" />
		<phase name="soapmonitorPhase" />
	</phaseOrder>
	<phaseOrder type="OutFaultFlow">
		<!--      user can add his own phases to this area  -->
		<phase name="soapmonitorPhase" />
		<phase name="OperationOutFaultPhase" />
		<phase name="RMPhase" />
		<phase name="PolicyDetermination" />
		<phase name="MessageOut" />
		<phase name="Security" />
	</phaseOrder>
</axisconfig>