<?xml version="1.0"?>

<!--
=============================================================================
eValuate Build Script
CMSI
Original Author: Young An
Date: 08/01/2013

Tweaked to accommodate State Farm build process

=============================================================================
-->

<project name="evaluate_build" default="build_linux" basedir=".">

  <!--
  Enable Ant-Contrib tasks
  Ant-Contrib is an add-on to Ant that introduces useful functionality that doesn't exist in standard Ant
  
  "if" is used in this script, which is an Ant-Contrib task
  -->
  <taskdef resource="net/sf/antcontrib/antcontrib.properties"/>

  <!-- Read evaluate.build.properties -->
  <property file="evaluate.build.properties"/>

  <!--
  ================================================================
  Init                         
  ================================================================
  -->
  <target name="init">

    <!-- Record start date/time for the logger -->
    <tstamp>
      <format property="string.start.time"
              pattern="MM/dd/yyyy hh:mm aa"/>

      <format property="string.log.time"
              pattern="MMddyy-HHmmss"/>
    </tstamp>

    <!-- Create logs directory- will do nothing if directory already exists -->
    <mkdir dir="${string.evaluate.build.logger.directory}"/>

    <property name="string.evaluate.build.logger.file"
              value="eValuate_build_${string.log.time}.log"/>

    <record emacsmode="true"
            name="${string.evaluate.build.logger.directory}/${string.evaluate.build.logger.file}"
            action="start"
            loglevel="verbose"/>

    <!-- Unzip source code zip -->
    <unzip src="${string.linux.build.server.evaluate.directory}/${string.evaluate.source.zip.name}"
           dest="${string.linux.build.server.unzip.directory}"
           overwrite="true"/>

    <!-- Change permissions for all files in the unzipped folder to 777 -->
    <chmod dir="${string.linux.build.server.unzip.directory}"
           perm="777"
           includes="**/*"/>

    <!-- Run dos2unix in the unzipped build directory -->
    <exec executable="/bin/sh"
          outputproperty="string.dos2unix.result"
          vmlauncher="false">
      <arg value="${string.linux.build.server.evaluate.directory}/build/dos2unix.sh"/>
      <arg value="${string.linux.build.server.unzip.directory}"/>
      <arg value="${string.linux.build.server.evaluate.directory}/build"/>
    </exec>

    <echo>Result of dos2unix.sh:</echo>
    <echo>${string.dos2unix.result}</echo>
    <echo> </echo>

  </target>

  <!--
  ================================================================
  compile_cpp_linux                      
  ================================================================
  -->
  
  <target name="compile_cpp_linux"
          depends="init">

    <echo>--------------------------------------------------------------------------------------</echo>
    <echo>                                   Compiling C++ code                                 </echo>
    <echo>--------------------------------------------------------------------------------------</echo>
    
    <!-- Run setpath.sh -->
    <exec executable="/bin/sh"
          failonerror="true"
          vmlauncher="false">
      <arg value="${string.linux.build.server.evaluate.directory}/build/runsetpath.sh"/>
      <arg value="${string.linux.build.server.unzip.directory}"/>
      <arg value="${string.linux.build.server.evaluate.directory}/build"/>
    </exec>

    <echo> </echo>

  </target>  

  <!--
  ================================================================
  compile_java_linux                         
  ================================================================
  -->
  <target name="compile_java_linux"
          depends="init,
                   compile_cpp_linux">

    <echo>--------------------------------------------------------------------------------------</echo>
    <echo>                                  Compiling Java code                                 </echo>
    <echo>--------------------------------------------------------------------------------------</echo>
 
    <!-- Run makejar.sh -->
    <exec executable="/bin/sh"
          outputproperty="string.makejar.result"
          vmlauncher="false">
      <arg value="${string.linux.build.server.evaluate.directory}/build/runmakejar.sh"/>
      <arg value="${string.linux.build.server.java.src.directory}"/>
      <arg value="${string.linux.build.server.evaluate.directory}/build"/>
    </exec>

    <echo>Result of makejar.sh</echo>
    <echo>${string.makejar.result}</echo>
    <echo> </echo>

  </target>
 
  <!--
  ================================================================
  link_binaries_linux                        
  ================================================================
  -->
  <target name="link_binaries_linux"
          depends="init,
                   compile_cpp_linux,
                   compile_java_linux">

    <!-- Binaries can be copied or linked to the bin folder; Linkbin.sh will create soft links, while Copybin.sh makes hard copies -->
    <!-- We are using Linkbin.sh as default since it saves space -->
    <echo>--------------------------------------------------------------------------------------</echo>
    <echo>                           Linking binaries to the bin folder                         </echo>
    <echo>--------------------------------------------------------------------------------------</echo>
    <exec executable="/bin/sh"
          outputproperty="string.linkbin.result"
          vmlauncher="false">
      <arg value="${string.linux.build.server.evaluate.directory}/build/runlinkbin.sh"/>
      <arg value="${string.linux.build.server.unzip.directory}"/>
      <arg value="${string.linux.build.server.evaluate.directory}/build"/>
    </exec>

    <echo>Result of Linkbin.sh</echo>
    <echo>${string.linkbin.result}</echo>
    <echo> </echo>

  </target>
  
  <!--
  ================================================================
  count_binaries_linux                        
  ================================================================
  -->
  <target name="count_binaries_linux"
          depends="init,
                   compile_cpp_linux,
                   compile_java_linux,
                   link_binaries_linux">

    <echo>--------------------------------------------------------------------------------------</echo>
    <echo>             Counting binaries to confirm that everything was compiled                </echo>
    <echo>--------------------------------------------------------------------------------------</echo>

    <!-- There should be at least 45 for Linux for State Farm -->
    <resourcecount property="int.linux.binaries">
      <fileset dir="${string.linux.build.server.binaries.directory}">
        <include name="*"/>
      </fileset>
    </resourcecount>

    <if>
      <bool>
        <islessthan arg1="${int.linux.binaries}"
                    arg2="${int.binary.complete.count}" />
      </bool>
    <then>
      <property name="bool.linux.incomplete.compile" value="true" />
    </then>
    </if>
    <fail if="bool.linux.incomplete.compile">eValuate for Linux (State Farm) should have at least ${int.binary.complete.count} binaries in the bin directory, but only ${int.linux.binaries} have been found.</fail>

  </target>

  <!--
  ================================================================
  build_linux                         
  ================================================================
  -->
  <target name="build_linux"
          depends="init,
                   compile_cpp_linux,
                   compile_java_linux,
                   link_binaries_linux,
                   count_binaries_linux"/>

</project>