<?xml version='1.0' encoding='utf-8'?>
<!DOCTYPE hibernate-configuration PUBLIC
        "-//Hibernate/Hibernate Configuration DTD 3.0//EN"
 "http://hibernate.sourceforge.net/hibernate-configuration-3.0.dtd">

<hibernate-configuration>
    <session-factory>

    	<!-- disabling batching because it does not work with Oracle CLOB's  -->
		<property name="hibernate.jdbc.batch_size">0</property>


        <property name="dialect">org.hibernate.dialect.OracleDialect</property>

		<!-- Cache Settings -->
		<property name="generate_statistics">true</property>
		<property name="cache.use_structured_entries">true</property>
		<property name="cache.use_second_level_cache">true</property>
		
        <property name="show_sql">false</property>
        <!-- <property name="hibernate.cache.provider_class">
             org.hibernate.cache.HashtableCacheProvider
        </property> -->
<!--
        <property name="hibernate.hbm2ddl.auto">validate</property>
        -->

		<property name="hibernate.current_session_context_class">thread</property>
        
    </session-factory>
</hibernate-configuration>
