<project name="sqlrunner" default="sqlrunner" basedir="..">

	<property name="base.dir" value="${basedir}" />

	<property name="config.dir" value="${base.dir}/config" />
	<property name="lib.dir" value="${base.dir}/../../../lib" />
	<property name="classes.dir" value="${base.dir}/classes" />

	<path id="base.class.path">
		<pathelement path="${classes.dir}" />
		<pathelement path="${config.dir}" />
		<fileset dir="${lib.dir}" includes="*.jar" />
		<pathelement path="${lib.dir}/../source/ear/common/classes" />
	</path>
  
	<target name="sqlrunner">
		<launch classname="com.cmsinc.origenate.tool.sqlrunner">
			<classpath refid="base.class.path" />
		</launch>
	</target>
</project>