<?xml version="1.0" encoding="UTF-8" ?>
<!DOCTYPE log4j:configuration SYSTEM "log4j.dtd">

<log4j:configuration xmlns:log4j="http://jakarta.apache.org/log4j/">
	
	<!-- CMSI - Search for the text 'CMSI' to find out what options you can change in this file -->

	<!-- ***********************************************************
		************************ Appenders **************************
		*********************************************************** -->

	<!-- general logger -->
	<appender name="stdout" class="org.apache.log4j.ConsoleAppender">
		<param name="Target" value="System.out" />
		<!-- CMSI - CHANGE THE NEXT LINE TO SEE DIFFERENT THINGS ON THE SCREEN. OPTIONS ARE TRACE, DEBUG, INFO -->
		<param name="Threshold" value="DEBUG" />
		<layout class="org.apache.log4j.PatternLayout">
			<param name="ConversionPattern"
				value="%d{MM/dd HH:mm:ss} %5p %c{1}:%L - %m%n" />
		</layout>
	</appender>

	<!-- Logs the time to load each page -->
	<appender name="file" class="org.apache.log4j.FileAppender">
		<!-- CMSI - CHANGE THE NEXT LINE TO CHANGE THE LOCATION OF THE LOG FILE -->
		<param name="File"
			value="logs/sqlrunner.log" />
		<param name="Append" value="true" />
		<!-- CMSI - CHANGE THE NEXT LINE TO SEE DIFFERENT THINGS IN THE LOG FILE. OPTIONS ARE TRACE, DEBUG, INFO -->
		<param name="Threshold" value="DEBUG" />
		<layout class="org.apache.log4j.PatternLayout">
			<param name="ConversionPattern"
				value="%d{MM/dd HH:mm:ss} %5p %c{1}:%L - %m%n" />
		</layout>
	</appender>

	<!-- ***********************************************************
		************************ Loggers **************************
		*********************************************************** -->
	<logger name="org.apache.axis">
		<level value="warn" />
	</logger>

	<!-- ***********************************************************
		************************ Root **************************
		*********************************************************** -->

	<root>
		<priority value="TRACE" />
		<appender-ref ref="stdout" />
		<appender-ref ref="file" />
	</root>


</log4j:configuration>